city_name,date,temp,rain,wind_direction,wind_power,humidity

北京,更新于：2018-08-29 10:20发布,28.9℃,0mm,东北风,3级,37%
延庆,更新于：2018-08-29 10:20发布,25.3℃,0mm,西南风,微风,49%
通州,更新于：2018-08-29 10:20发布,27.6℃,0mm,西北风,微风,43%
顺义,更新于：2018-08-29 10:20发布,28.3℃,0mm,西北风,微风,43%
平谷,更新于：2018-08-29 10:20发布,28.1℃,0mm,西北风,3级,44%
密云,更新于：2018-08-29 10:20发布,28.2℃,0mm,东北风,微风,49%
门头沟,更新于：2018-08-29 10:20发布,29.2℃,0mm,东北风,3级,39%
怀柔,更新于：2018-08-29 10:20发布,28.5℃,0mm,东北风,3级,41%
房山,更新于：2018-08-29 10:20发布,29.1℃,0mm,东北风,3级,41%
大兴,更新于：2018-08-29 10:20发布,29.1℃,0mm,东北风,3级,37%
昌平,更新于：2018-08-29 10:20发布,29.3℃,0mm,西北风,微风,39%
石景山,更新于：2018-08-29 10:20发布,29.3℃,0mm,东北风,3级,37%
海淀,更新于：2018-08-29 10:20发布,30.2℃,0mm,东北风,微风,39%
丰台,更新于：2018-08-29 10:20发布,30.3℃,0mm,东北风,3级,39%
朝阳,更新于：2018-08-29 10:20发布,28.8℃,0mm,东北风,微风,42%
北京,更新于：2018-08-29 11:10发布,29.3℃,0mm,东北风,3级,36%
延庆,更新于：2018-08-29 11:10发布,26.5℃,0mm,西北风,微风,45%
通州,更新于：2018-08-29 11:10发布,28.4℃,0mm,西北风,3级,43%
顺义,更新于：2018-08-29 11:10发布,28.8℃,0mm,东北风,微风,41%
平谷,更新于：2018-08-29 11:10发布,29.2℃,0mm,东北风,3级,44%
密云,更新于：2018-08-29 11:10发布,28.9℃,0mm,东北风,3级,43%
门头沟,更新于：2018-08-29 11:10发布,30.3℃,0mm,东北风,微风,34%
怀柔,更新于：2018-08-29 11:10发布,29.5℃,0mm,东北风,3级,39%
房山,更新于：2018-08-29 11:10发布,30.8℃,0mm,东北风,3级,35%
大兴,更新于：2018-08-29 11:10发布,30.4℃,0mm,东北风,微风,38%
昌平,更新于：2018-08-29 11:10发布,30.4℃,0mm,西北风,微风,36%
石景山,更新于：2018-08-29 11:10发布,30.4℃,0mm,西北风,微风,36%
海淀,更新于：2018-08-29 11:10发布,30.9℃,0mm,东北风,微风,35%
丰台,更新于：2018-08-29 11:10发布,31.3℃,0mm,东北风,微风,32%
朝阳,更新于：2018-08-29 11:10发布,29.5℃,0mm,东北风,微风,39%
北京,更新于：2018-08-29 12:20发布,30.3℃,0mm,东北风,3级,34%
延庆,更新于：2018-08-29 12:20发布,27.4℃,0mm,西北风,微风,45%
通州,更新于：2018-08-29 12:20发布,29.7℃,0mm,西北风,3级,42%
顺义,更新于：2018-08-29 12:20发布,30.1℃,0mm,东北风,微风,34%
平谷,更新于：2018-08-29 12:20发布,30℃,0mm,西北风,微风,41%
密云,更新于：2018-08-29 12:20发布,30℃,0mm,东北风,3级,43%
门头沟,更新于：2018-08-29 12:20发布,31.4℃,0mm,东北风,微风,33%
怀柔,更新于：2018-08-29 12:20发布,30.6℃,0mm,东北风,3级,38%
房山,更新于：2018-08-29 12:20发布,31.8℃,0mm,西北风,3级,33%
大兴,更新于：2018-08-29 12:20发布,31.1℃,0mm,东北风,微风,34%
昌平,更新于：2018-08-29 12:20发布,31.5℃,0mm,西北风,3级,33%
石景山,更新于：2018-08-29 12:20发布,31.4℃,0mm,东北风,微风,37%
海淀,更新于：2018-08-29 12:20发布,32.3℃,0mm,东北风,微风,33%
丰台,更新于：2018-08-29 12:20发布,32.3℃,0mm,东北风,微风,32%
朝阳,更新于：2018-08-29 12:20发布,30.3℃,0mm,东北风,3级,37%
北京,更新于：2018-08-29 13:20发布,30.8℃,0mm,东北风,微风,34%
延庆,更新于：2018-08-29 13:20发布,28.6℃,0mm,西北风,微风,41%
通州,更新于：2018-08-29 13:20发布,30.6℃,0mm,东北风,微风,38%
顺义,更新于：2018-08-29 13:20发布,31.3℃,0mm,东北风,微风,37%
平谷,更新于：2018-08-29 13:20发布,30.7℃,0mm,西南风,微风,39%
密云,更新于：2018-08-29 13:20发布,30.8℃,0mm,东北风,微风,40%
门头沟,更新于：2018-08-29 13:20发布,32.5℃,0mm,东北风,微风,32%
怀柔,更新于：2018-08-29 13:20发布,31.7℃,0mm,东北风,3级,35%
房山,更新于：2018-08-29 13:20发布,32.2℃,0mm,东北风,微风,33%
大兴,更新于：2018-08-29 13:20发布,31.3℃,0mm,东北风,3级,33%
昌平,更新于：2018-08-29 13:20发布,32.2℃,0mm,西南风,微风,36%
石景山,更新于：2018-08-29 13:20发布,31.8℃,0mm,东北风,微风,35%
海淀,更新于：2018-08-29 13:20发布,32.7℃,0mm,东北风,微风,33%
丰台,更新于：2018-08-29 13:20发布,33.2℃,0mm,东北风,微风,32%
朝阳,更新于：2018-08-29 13:20发布,31.3℃,0mm,东北风,3级,36%
北京,更新于：2018-08-29 14:20发布,31.7℃,0mm,东北风,3级,32%
延庆,更新于：2018-08-29 14:20发布,29.7℃,0mm,西北风,微风,38%
通州,更新于：2018-08-29 14:20发布,31.3℃,0mm,东北风,微风,37%
顺义,更新于：2018-08-29 14:20发布,30.9℃,0mm,东南风,微风,36%
平谷,更新于：2018-08-29 14:20发布,31.3℃,0mm,东北风,微风,38%
密云,更新于：2018-08-29 14:20发布,31.2℃,0mm,东北风,微风,40%
门头沟,更新于：2018-08-29 14:20发布,32.4℃,0mm,东南风,微风,31%
怀柔,更新于：2018-08-29 14:20发布,31.9℃,0mm,东南风,微风,37%
房山,更新于：2018-08-29 14:20发布,33.2℃,0mm,东北风,微风,30%
大兴,更新于：2018-08-29 14:20发布,31.8℃,0mm,东南风,3级,34%
昌平,更新于：2018-08-29 14:20发布,32.8℃,0mm,东南风,微风,33%
石景山,更新于：2018-08-29 14:20发布,32.4℃,0mm,东北风,微风,37%
海淀,更新于：2018-08-29 14:20发布,33.2℃,0mm,西北风,微风,33%
丰台,更新于：2018-08-29 14:20发布,33.3℃,0mm,东北风,微风,31%
朝阳,更新于：2018-08-29 14:20发布,32.1℃,0mm,东北风,微风,35%
北京,更新于：2018-08-29 15:20发布,31.8℃,0mm,东北风,微风,33%
延庆,更新于：2018-08-29 15:20发布,29.7℃,0mm,西北风,微风,38%
通州,更新于：2018-08-29 15:20发布,31.4℃,0mm,东北风,3级,34%
顺义,更新于：2018-08-29 15:20发布,31.6℃,0mm,东北风,微风,34%
平谷,更新于：2018-08-29 15:20发布,31.8℃,0mm,东北风,微风,38%
密云,更新于：2018-08-29 15:20发布,31.3℃,0mm,东北风,微风,40%
门头沟,更新于：2018-08-29 15:20发布,32.8℃,0mm,东北风,微风,31%
怀柔,更新于：2018-08-29 15:20发布,31.6℃,0mm,东南风,微风,38%
房山,更新于：2018-08-29 15:20发布,33.5℃,0mm,东南风,微风,30%
大兴,更新于：2018-08-29 15:20发布,31.9℃,0mm,东北风,3级,34%
昌平,更新于：2018-08-29 15:20发布,32.9℃,0mm,东南风,微风,33%
石景山,更新于：2018-08-29 15:20发布,32.7℃,0mm,东北风,微风,37%
海淀,更新于：2018-08-29 15:20发布,33.5℃,0mm,东北风,微风,35%
丰台,更新于：2018-08-29 15:20发布,33.6℃,0mm,东南风,微风,31%
朝阳,更新于：2018-08-29 15:20发布,32.3℃,0mm,东北风,微风,37%
北京,更新于：2018-08-29 16:20发布,31.5℃,0mm,东北风,3级,35%
延庆,更新于：2018-08-29 16:20发布,30.3℃,0mm,西北风,微风,35%
通州,更新于：2018-08-29 16:20发布,30.9℃,0mm,东北风,微风,39%
顺义,更新于：2018-08-29 16:20发布,31.7℃,0mm,东北风,微风,35%
平谷,更新于：2018-08-29 16:20发布,31.3℃,0mm,东南风,微风,40%
密云,更新于：2018-08-29 16:20发布,31.2℃,0mm,东北风,微风,40%
门头沟,更新于：2018-08-29 16:20发布,32.5℃,0mm,东北风,微风,33%
怀柔,更新于：2018-08-29 16:20发布,31℃,0mm,东南风,微风,38%
房山,更新于：2018-08-29 16:20发布,33.1℃,0mm,东北风,微风,32%
大兴,更新于：2018-08-29 16:20发布,31.6℃,0mm,东北风,微风,35%
昌平,更新于：2018-08-29 16:20发布,31.9℃,0mm,东南风,3级,36%
石景山,更新于：2018-08-29 16:20发布,32.4℃,0mm,东北风,微风,34%
海淀,更新于：2018-08-29 16:20发布,32.8℃,0mm,东北风,微风,33%
丰台,更新于：2018-08-29 16:20发布,33.5℃,0mm,东南风,微风,31%
朝阳,更新于：2018-08-29 16:20发布,31.4℃,0mm,东北风,微风,38%
北京,更新于：2018-08-29 17:20发布,31.1℃,0mm,东北风,微风,36%
延庆,更新于：2018-08-29 17:20发布,28.2℃,0mm,东南风,微风,43%
通州,更新于：2018-08-29 17:20发布,29.7℃,0mm,东南风,微风,47%
顺义,更新于：2018-08-29 17:20发布,31.3℃,0mm,东北风,微风,34%
平谷,更新于：2018-08-29 17:20发布,30.7℃,0mm,东南风,微风,45%
密云,更新于：2018-08-29 17:20发布,30.9℃,0mm,东北风,微风,41%
门头沟,更新于：2018-08-29 17:20发布,31.8℃,0mm,东北风,微风,33%
怀柔,更新于：2018-08-29 17:20发布,31℃,0mm,东北风,微风,39%
房山,更新于：2018-08-29 17:20发布,31.5℃,0mm,东南风,微风,35%
大兴,更新于：2018-08-29 17:20发布,31.1℃,0mm,东北风,微风,36%
昌平,更新于：2018-08-29 17:20发布,31.3℃,0mm,东南风,微风,36%
石景山,更新于：2018-08-29 17:20发布,31.6℃,0mm,东北风,微风,36%
海淀,更新于：2018-08-29 17:20发布,32℃,0mm,东南风,微风,37%
丰台,更新于：2018-08-29 17:20发布,32.5℃,0mm,东风,3级,34%
朝阳,更新于：2018-08-29 17:20发布,31.2℃,0mm,东北风,微风,38%
北京,更新于：2018-08-29 18:10发布,30℃,0mm,东南风,微风,41%
延庆,更新于：2018-08-29 18:10发布,26.6℃,0mm,东南风,微风,47%
通州,更新于：2018-08-29 18:10发布,28.4℃,0mm,东南风,微风,53%
顺义,更新于：2018-08-29 18:10发布,30.5℃,0mm,东南风,微风,40%
平谷,更新于：2018-08-29 18:10发布,29.7℃,0mm,东南风,微风,47%
密云,更新于：2018-08-29 18:10发布,28.1℃,0mm,东南风,微风,53%
门头沟,更新于：2018-08-29 18:10发布,30.7℃,0mm,东南风,微风,37%
怀柔,更新于：2018-08-29 18:10发布,29.6℃,0mm,东北风,微风,45%
房山,更新于：2018-08-29 18:10发布,30.4℃,0mm,东北风,微风,39%
大兴,更新于：2018-08-29 18:10发布,29.1℃,0mm,东南风,微风,45%
昌平,更新于：2018-08-29 18:10发布,30.5℃,0mm,东南风,微风,37%
石景山,更新于：2018-08-29 18:10发布,30.2℃,0mm,东南风,微风,39%
海淀,更新于：2018-08-29 18:10发布,29.8℃,0mm,东南风,微风,41%
丰台,更新于：2018-08-29 18:10发布,31.5℃,0mm,东南风,微风,34%
朝阳,更新于：2018-08-29 18:10发布,30.4℃,0mm,东南风,微风,39%
北京,更新于：2018-08-29 21:20发布,26.3℃,0mm,西南风,微风,56%
延庆,更新于：2018-08-29 21:20发布,23.6℃,0mm,东北风,微风,57%
通州,更新于：2018-08-29 21:20发布,21.9℃,0mm,西南风,微风,92%
顺义,更新于：2018-08-29 21:20发布,25.3℃,0mm,-,-,67%
平谷,更新于：2018-08-29 21:20发布,22.8℃,0mm,东北风,微风,82%
密云,更新于：2018-08-29 21:20发布,22.5℃,0mm,-,-,88%
门头沟,更新于：2018-08-29 21:20发布,25.7℃,0mm,西南风,微风,58%
怀柔,更新于：2018-08-29 21:20发布,23.6℃,0mm,西南风,微风,75%
房山,更新于：2018-08-29 21:20发布,23.4℃,0mm,西北风,微风,74%
大兴,更新于：2018-08-29 21:20发布,23℃,0mm,西南风,微风,71%
昌平,更新于：2018-08-29 21:20发布,25℃,0mm,西北风,微风,62%
石景山,更新于：2018-08-29 21:20发布,25.3℃,0mm,西北风,微风,60%
海淀,更新于：2018-08-29 21:20发布,25.8℃,0mm,西南风,微风,65%
丰台,更新于：2018-08-29 21:20发布,25.5℃,0mm,西北风,微风,63%
朝阳,更新于：2018-08-29 21:20发布,27.6℃,0mm,西南风,微风,53%
北京,更新于：2018-08-29 22:20发布,25.1℃,0mm,西南风,微风,62%
延庆,更新于：2018-08-29 22:20发布,22.5℃,0mm,东北风,微风,68%
通州,更新于：2018-08-29 22:20发布,21.3℃,0mm,-,-,95%
顺义,更新于：2018-08-29 22:20发布,24.5℃,0mm,西北风,微风,71%
平谷,更新于：2018-08-29 22:20发布,22.7℃,0mm,东北风,微风,78%
密云,更新于：2018-08-29 22:20发布,21.3℃,0mm,-,-,93%
门头沟,更新于：2018-08-29 22:20发布,24.3℃,0mm,西北风,微风,67%
怀柔,更新于：2018-08-29 22:20发布,22.9℃,0mm,东南风,微风,81%
房山,更新于：2018-08-29 22:20发布,22.5℃,0mm,西北风,微风,82%
大兴,更新于：2018-08-29 22:20发布,22.2℃,0mm,西南风,微风,76%
昌平,更新于：2018-08-29 22:20发布,23.9℃,0mm,东北风,微风,66%
石景山,更新于：2018-08-29 22:20发布,24.6℃,0mm,东南风,微风,62%
海淀,更新于：2018-08-29 22:20发布,23.3℃,0mm,-,-,76%
丰台,更新于：2018-08-29 22:20发布,24.1℃,0mm,西风,微风,68%
朝阳,更新于：2018-08-29 22:20发布,27.1℃,0mm,西南风,微风,55%
北京,更新于：2018-08-29 23:20发布,25℃,0mm,西南风,微风,62%
延庆,更新于：2018-08-29 23:20发布,22.4℃,0mm,-,-,64%
通州,更新于：2018-08-29 23:20发布,21.3℃,0mm,-,-,95%
顺义,更新于：2018-08-29 23:20发布,24.9℃,0mm,东北风,微风,70%
平谷,更新于：2018-08-29 23:20发布,22.6℃,0mm,东北风,微风,78%
密云,更新于：2018-08-29 23:20发布,21.4℃,0mm,东北风,微风,92%
门头沟,更新于：2018-08-29 23:20发布,23.4℃,0mm,西南风,微风,76%
怀柔,更新于：2018-08-29 23:20发布,22℃,0mm,西南风,微风,88%
房山,更新于：2018-08-29 23:20发布,22℃,0mm,西北风,微风,84%
大兴,更新于：2018-08-29 23:20发布,22.5℃,0mm,东南风,微风,75%
昌平,更新于：2018-08-29 23:20发布,24.6℃,0mm,东北风,微风,62%
石景山,更新于：2018-08-29 23:20发布,23.8℃,0mm,西南风,微风,67%
海淀,更新于：2018-08-29 23:20发布,22.9℃,0mm,-,-,77%
丰台,更新于：2018-08-29 23:20发布,23.4℃,0mm,西北风,微风,77%
朝阳,更新于：2018-08-29 23:20发布,26.7℃,0mm,西南风,微风,58%
北京,更新于：2018-08-30 00:20发布,24.7℃,0mm,西南风,微风,66%
延庆,更新于：2018-08-30 00:20发布,21.8℃,0mm,东北风,微风,68%
通州,更新于：2018-08-30 00:20发布,20.9℃,0mm,东南风,微风,97%
顺义,更新于：2018-08-30 00:20发布,24.9℃,0mm,东南风,微风,69%
平谷,更新于：2018-08-30 00:20发布,22.1℃,0mm,东北风,微风,82%
密云,更新于：2018-08-30 00:20发布,21.7℃,0mm,东北风,微风,89%
门头沟,更新于：2018-08-30 00:20发布,23.2℃,0mm,西南风,微风,70%
怀柔,更新于：2018-08-30 00:20发布,21.7℃,0mm,西北风,微风,87%
房山,更新于：2018-08-30 00:20发布,22℃,0mm,西南风,微风,85%
大兴,更新于：2018-08-30 00:20发布,23℃,0mm,西南风,微风,75%
昌平,更新于：2018-08-30 00:20发布,24.7℃,0mm,西北风,微风,61%
石景山,更新于：2018-08-30 00:20发布,23.9℃,0mm,东南风,微风,67%
海淀,更新于：2018-08-30 00:20发布,23℃,0mm,-,-,82%
丰台,更新于：2018-08-30 00:20发布,24.3℃,0mm,西南风,微风,70%
朝阳,更新于：2018-08-30 00:20发布,26.6℃,0mm,西南风,微风,57%
北京,更新于：2018-08-30 01:20发布,24.4℃,0mm,西南风,微风,67%
延庆,更新于：2018-08-30 01:20发布,21℃,0mm,东北风,微风,73%
通州,更新于：2018-08-30 01:20发布,21.1℃,0mm,东南风,微风,98%
顺义,更新于：2018-08-30 01:20发布,24.7℃,0mm,东南风,微风,71%
平谷,更新于：2018-08-30 01:20发布,22.1℃,0mm,东北风,微风,82%
密云,更新于：2018-08-30 01:20发布,21.8℃,0mm,西北风,微风,89%
门头沟,更新于：2018-08-30 01:20发布,23.1℃,0mm,东南风,微风,72%
怀柔,更新于：2018-08-30 01:20发布,22℃,0mm,西北风,微风,86%
房山,更新于：2018-08-30 01:20发布,22.3℃,0mm,西南风,微风,83%
大兴,更新于：2018-08-30 01:20发布,23.2℃,0mm,-,-,75%
昌平,更新于：2018-08-30 01:20发布,23.6℃,0mm,西北风,微风,68%
石景山,更新于：2018-08-30 01:20发布,24℃,0mm,东北风,微风,71%
海淀,更新于：2018-08-30 01:20发布,23℃,0mm,-,-,81%
丰台,更新于：2018-08-30 01:20发布,24.2℃,0mm,西南风,微风,70%
朝阳,更新于：2018-08-30 01:20发布,25.8℃,0mm,西南风,微风,61%
北京,更新于：2018-08-30 02:20发布,24.2℃,0mm,西南风,微风,70%
延庆,更新于：2018-08-30 02:20发布,20.9℃,0mm,东南风,微风,75%
通州,更新于：2018-08-30 02:20发布,20.9℃,0mm,-,-,98%
顺义,更新于：2018-08-30 02:20发布,24.4℃,0mm,东南风,微风,73%
平谷,更新于：2018-08-30 02:20发布,22.1℃,0mm,东北风,微风,83%
密云,更新于：2018-08-30 02:20发布,21.2℃,0mm,东北风,微风,94%
门头沟,更新于：2018-08-30 02:20发布,22.8℃,0mm,东南风,微风,72%
怀柔,更新于：2018-08-30 02:20发布,22.1℃,0mm,西北风,微风,88%
房山,更新于：2018-08-30 02:20发布,21.7℃,0mm,东北风,微风,88%
大兴,更新于：2018-08-30 02:20发布,21.6℃,0mm,东南风,微风,84%
昌平,更新于：2018-08-30 02:20发布,23.8℃,0mm,东北风,微风,67%
石景山,更新于：2018-08-30 02:20发布,24.1℃,0mm,东南风,微风,68%
海淀,更新于：2018-08-30 02:20发布,23.3℃,0mm,西南风,微风,77%
丰台,更新于：2018-08-30 02:20发布,24℃,0mm,东南风,微风,72%
朝阳,更新于：2018-08-30 02:20发布,25.8℃,0mm,西南风,微风,63%
北京,更新于：2018-08-30 03:20发布,23.4℃,0mm,西南风,微风,75%
延庆,更新于：2018-08-30 03:20发布,20.8℃,0mm,东北风,微风,74%
通州,更新于：2018-08-30 03:20发布,20.9℃,0mm,东南风,微风,98%
顺义,更新于：2018-08-30 03:20发布,23.3℃,0mm,东北风,微风,81%
平谷,更新于：2018-08-30 03:20发布,22℃,0mm,东北风,微风,86%
密云,更新于：2018-08-30 03:20发布,21.3℃,0mm,-,-,95%
门头沟,更新于：2018-08-30 03:20发布,22.6℃,0mm,东北风,微风,74%
怀柔,更新于：2018-08-30 03:20发布,22.3℃,0mm,西北风,微风,86%
房山,更新于：2018-08-30 03:20发布,22.6℃,0mm,西南风,微风,84%
大兴,更新于：2018-08-30 03:20发布,21.5℃,0mm,东南风,微风,86%
昌平,更新于：2018-08-30 03:20发布,23.1℃,0mm,东北风,微风,70%
石景山,更新于：2018-08-30 03:20发布,23.9℃,0mm,西南风,微风,69%
海淀,更新于：2018-08-30 03:20发布,23.2℃,0mm,东北风,微风,79%
丰台,更新于：2018-08-30 03:20发布,24.5℃,0mm,-,-,71%
朝阳,更新于：2018-08-30 03:20发布,25.6℃,0mm,西南风,微风,63%
北京,更新于：2018-08-30 04:20发布,23.4℃,0mm,东南风,微风,75%
延庆,更新于：2018-08-30 04:20发布,20.6℃,0mm,东北风,微风,74%
通州,更新于：2018-08-30 04:20发布,21.1℃,0mm,东南风,微风,99%
顺义,更新于：2018-08-30 04:20发布,23.4℃,0mm,东北风,微风,80%
平谷,更新于：2018-08-30 04:20发布,21.8℃,0mm,东北风,微风,87%
密云,更新于：2018-08-30 04:20发布,21.4℃,0mm,东北风,微风,94%
门头沟,更新于：2018-08-30 04:20发布,22.5℃,0mm,西南风,微风,73%
怀柔,更新于：2018-08-30 04:20发布,22.1℃,0mm,东北风,微风,87%
房山,更新于：2018-08-30 04:20发布,22.5℃,0mm,-,-,84%
大兴,更新于：2018-08-30 04:20发布,21.7℃,0mm,东南风,微风,85%
昌平,更新于：2018-08-30 04:20发布,23.5℃,0mm,西北风,微风,70%
石景山,更新于：2018-08-30 04:20发布,23.3℃,0mm,东北风,微风,73%
海淀,更新于：2018-08-30 04:20发布,22.8℃,0mm,-,-,84%
丰台,更新于：2018-08-30 04:20发布,23.9℃,0mm,-,-,75%
朝阳,更新于：2018-08-30 04:20发布,25.2℃,0mm,西南风,微风,66%
北京,更新于：2018-08-30 05:20发布,23.3℃,0mm,东南风,微风,78%
延庆,更新于：2018-08-30 05:20发布,20.6℃,0mm,东北风,微风,74%
通州,更新于：2018-08-30 05:20发布,21.3℃,0mm,-,-,98%
顺义,更新于：2018-08-30 05:20发布,23.1℃,0mm,东北风,微风,82%
平谷,更新于：2018-08-30 05:20发布,21.7℃,0mm,西北风,微风,87%
密云,更新于：2018-08-30 05:20发布,21.4℃,0mm,东北风,微风,94%
门头沟,更新于：2018-08-30 05:20发布,22.6℃,0mm,东南风,微风,74%
怀柔,更新于：2018-08-30 05:20发布,22℃,0mm,西北风,微风,85%
房山,更新于：2018-08-30 05:20发布,22.2℃,0mm,-,-,90%
大兴,更新于：2018-08-30 05:20发布,22.1℃,0mm,东南风,微风,84%
昌平,更新于：2018-08-30 05:20发布,22.6℃,0mm,西北风,微风,75%
石景山,更新于：2018-08-30 05:20发布,23℃,0mm,东北风,微风,77%
海淀,更新于：2018-08-30 05:20发布,22.7℃,0mm,-,-,80%
丰台,更新于：2018-08-30 05:20发布,23.6℃,0mm,东南风,微风,77%
朝阳,更新于：2018-08-30 05:20发布,24.2℃,0mm,东南风,微风,75%
北京,更新于：2018-08-30 06:20发布,23.7℃,0mm,东南风,微风,77%
延庆,更新于：2018-08-30 06:20发布,20.3℃,0.1mm,东北风,微风,80%
通州,更新于：2018-08-30 06:20发布,21.4℃,0mm,西北风,微风,99%
顺义,更新于：2018-08-30 06:20发布,23.3℃,0mm,东北风,微风,80%
平谷,更新于：2018-08-30 06:20发布,21.8℃,0mm,西北风,微风,89%
密云,更新于：2018-08-30 06:20发布,21.2℃,0mm,-,-,97%
门头沟,更新于：2018-08-30 06:20发布,22.4℃,0mm,西北风,微风,79%
怀柔,更新于：2018-08-30 06:20发布,21.8℃,0mm,西北风,微风,86%
房山,更新于：2018-08-30 06:20发布,21.8℃,0mm,西北风,微风,93%
大兴,更新于：2018-08-30 06:20发布,22.2℃,0mm,西南风,微风,86%
昌平,更新于：2018-08-30 06:20发布,22.5℃,0mm,西北风,微风,77%
石景山,更新于：2018-08-30 06:20发布,23.2℃,0mm,西北风,微风,73%
海淀,更新于：2018-08-30 06:20发布,23.3℃,0mm,西北风,微风,78%
丰台,更新于：2018-08-30 06:20发布,23.3℃,0mm,西南风,微风,83%
朝阳,更新于：2018-08-30 06:20发布,23.9℃,0mm,-,-,78%
北京,更新于：2018-08-30 08:20发布,22.9℃,0mm,西南风,微风,81%
延庆,更新于：2018-08-30 08:20发布,19.1℃,0.6mm,东北风,微风,90%
通州,更新于：2018-08-30 08:20发布,22.8℃,0mm,西北风,微风,97%
顺义,更新于：2018-08-30 08:20发布,23℃,0mm,东北风,微风,83%
平谷,更新于：2018-08-30 08:20发布,21.9℃,0.1mm,西北风,微风,94%
密云,更新于：2018-08-30 08:20发布,21.3℃,0.5mm,东南风,微风,100%
门头沟,更新于：2018-08-30 08:20发布,21.6℃,0mm,西北风,微风,86%
怀柔,更新于：2018-08-30 08:20发布,21.6℃,1.2mm,西南风,微风,95%
房山,更新于：2018-08-30 08:20发布,21.5℃,0mm,西北风,微风,91%
大兴,更新于：2018-08-30 08:20发布,22.4℃,0.1mm,西北风,微风,86%
昌平,更新于：2018-08-30 08:20发布,21.8℃,0.3mm,西北风,微风,87%
石景山,更新于：2018-08-30 08:20发布,23.1℃,0mm,西北风,微风,77%
海淀,更新于：2018-08-30 08:20发布,22.9℃,0mm,东北风,微风,88%
丰台,更新于：2018-08-30 08:20发布,22.9℃,0.1mm,西南风,微风,86%
朝阳,更新于：2018-08-30 08:20发布,24.4℃,0mm,西北风,微风,78%
北京,更新于：2018-08-30 10:20发布,22.3℃,0.4mm,西南风,微风,88%
延庆,更新于：2018-08-30 10:20发布,19.7℃,0mm,东北风,微风,90%
通州,更新于：2018-08-30 10:20发布,22.8℃,0.1mm,西北风,微风,98%
顺义,更新于：2018-08-30 10:20发布,22.4℃,0.3mm,东北风,微风,89%
平谷,更新于：2018-08-30 10:20发布,22.6℃,0.1mm,东南风,微风,94%
密云,更新于：2018-08-30 10:20发布,22.3℃,0mm,-,-,94%
门头沟,更新于：2018-08-30 10:20发布,21.7℃,0.2mm,东南风,微风,91%
怀柔,更新于：2018-08-30 10:20发布,21.6℃,0mm,西南风,微风,95%
房山,更新于：2018-08-30 10:20发布,22℃,0.6mm,西南风,微风,94%
大兴,更新于：2018-08-30 10:20发布,22.6℃,0.4mm,西南风,微风,90%
昌平,更新于：2018-08-30 10:20发布,22.4℃,0.1mm,东北风,微风,89%
石景山,更新于：2018-08-30 10:20发布,22.4℃,0.4mm,西北风,微风,86%
海淀,更新于：2018-08-30 10:20发布,22.6℃,0.6mm,-,-,96%
丰台,更新于：2018-08-30 10:20发布,22.6℃,0.6mm,西南风,微风,91%
朝阳,更新于：2018-08-30 10:20发布,22.5℃,0.4mm,东北风,微风,90%
北京,更新于：2018-08-30 11:20发布,22.4℃,0.5mm,西南风,微风,88%
延庆,更新于：2018-08-30 11:20发布,20.3℃,0mm,东北风,微风,86%
通州,更新于：2018-08-30 11:20发布,22.7℃,0.7mm,西北风,微风,98%
顺义,更新于：2018-08-30 11:20发布,22.9℃,0mm,西南风,微风,85%
平谷,更新于：2018-08-30 11:20发布,23.1℃,0mm,西北风,微风,92%
密云,更新于：2018-08-30 11:20发布,22.6℃,0mm,西南风,微风,95%
门头沟,更新于：2018-08-30 11:20发布,22.3℃,0.1mm,西南风,微风,83%
怀柔,更新于：2018-08-30 11:20发布,22℃,0mm,西南风,微风,96%
房山,更新于：2018-08-30 11:20发布,22.3℃,0.4mm,西北风,微风,91%
大兴,更新于：2018-08-30 11:20发布,22.3℃,0.4mm,西北风,微风,88%
昌平,更新于：2018-08-30 11:20发布,23.1℃,0mm,西北风,微风,83%
石景山,更新于：2018-08-30 11:20发布,23.1℃,0mm,西南风,微风,83%
海淀,更新于：2018-08-30 11:20发布,23℃,0mm,西南风,微风,88%
丰台,更新于：2018-08-30 11:20发布,23℃,0.1mm,西南风,微风,86%
朝阳,更新于：2018-08-30 11:20发布,23.1℃,0mm,西南风,微风,90%
北京,更新于：2018-08-30 12:20发布,22.9℃,0mm,西南风,微风,78%
延庆,更新于：2018-08-30 12:20发布,20.8℃,0mm,东北风,微风,84%
通州,更新于：2018-08-30 12:20发布,22.8℃,0.1mm,西北风,微风,97%
顺义,更新于：2018-08-30 12:20发布,23.8℃,0mm,西南风,微风,84%
平谷,更新于：2018-08-30 12:20发布,23℃,0.1mm,西南风,微风,91%
密云,更新于：2018-08-30 12:20发布,23.3℃,0mm,西南风,微风,90%
门头沟,更新于：2018-08-30 12:20发布,22.9℃,0mm,西南风,微风,80%
怀柔,更新于：2018-08-30 12:20发布,22.6℃,0mm,西南风,微风,92%
房山,更新于：2018-08-30 12:20发布,22.9℃,0mm,西南风,微风,86%
大兴,更新于：2018-08-30 12:20发布,22.7℃,0mm,西北风,微风,84%
昌平,更新于：2018-08-30 12:20发布,24.1℃,0mm,西北风,微风,76%
石景山,更新于：2018-08-30 12:20发布,24.5℃,0mm,西南风,微风,78%
海淀,更新于：2018-08-30 12:20发布,24.1℃,0mm,西南风,微风,83%
丰台,更新于：2018-08-30 12:20发布,23.6℃,0mm,西南风,微风,81%
朝阳,更新于：2018-08-30 12:20发布,23.6℃,0mm,西风,微风,78%
北京,更新于：2018-08-30 13:20发布,24℃,0mm,西北风,微风,73%
延庆,更新于：2018-08-30 13:20发布,21.9℃,0mm,东北风,微风,78%
通州,更新于：2018-08-30 13:20发布,23.6℃,0.1mm,西南风,微风,89%
顺义,更新于：2018-08-30 13:20发布,24.5℃,0mm,西南风,微风,71%
平谷,更新于：2018-08-30 13:20发布,23.8℃,0mm,西南风,微风,83%
密云,更新于：2018-08-30 13:20发布,23.7℃,0mm,西南风,微风,87%
门头沟,更新于：2018-08-30 13:20发布,24.5℃,0.1mm,西南风,微风,57%
怀柔,更新于：2018-08-30 13:20发布,23.4℃,0mm,西南风,微风,89%
房山,更新于：2018-08-30 13:20发布,24℃,0mm,西南风,微风,71%
大兴,更新于：2018-08-30 13:20发布,23.4℃,0mm,西南风,微风,75%
昌平,更新于：2018-08-30 13:20发布,24.8℃,0mm,西南风,微风,73%
石景山,更新于：2018-08-30 13:20发布,25.5℃,0mm,西南风,微风,58%
海淀,更新于：2018-08-30 13:20发布,25℃,0mm,西南风,微风,69%
丰台,更新于：2018-08-30 13:20发布,25.3℃,0mm,西北风,微风,64%
朝阳,更新于：2018-08-30 13:20发布,24.9℃,0mm,西南风,微风,69%
北京,更新于：2018-08-30 14:20发布,24.7℃,0mm,西北风,微风,65%
延庆,更新于：2018-08-30 14:20发布,24.1℃,0mm,西南风,微风,62%
通州,更新于：2018-08-30 14:20发布,24.8℃,0mm,西北风,微风,77%
顺义,更新于：2018-08-30 14:20发布,25.3℃,0mm,西北风,微风,69%
平谷,更新于：2018-08-30 14:20发布,25.7℃,0mm,西北风,微风,70%
密云,更新于：2018-08-30 14:20发布,24.2℃,0mm,西南风,微风,82%
门头沟,更新于：2018-08-30 14:20发布,24.7℃,0mm,西南风,微风,61%
怀柔,更新于：2018-08-30 14:20发布,24.8℃,0mm,西南风,微风,80%
房山,更新于：2018-08-30 14:20发布,25℃,0mm,西南风,微风,62%
大兴,更新于：2018-08-30 14:20发布,24.9℃,0mm,西北风,微风,62%
昌平,更新于：2018-08-30 14:20发布,25.7℃,0mm,西南风,微风,68%
石景山,更新于：2018-08-30 14:20发布,25.4℃,0mm,西南风,微风,55%
海淀,更新于：2018-08-30 14:20发布,25℃,0mm,西南风,微风,63%
丰台,更新于：2018-08-30 14:20发布,25.7℃,0mm,西南风,微风,60%
朝阳,更新于：2018-08-30 14:20发布,25.4℃,0mm,西风,微风,63%
北京,更新于：2018-08-30 15:20发布,25.5℃,0mm,西南风,微风,61%
延庆,更新于：2018-08-30 15:20发布,24.5℃,0mm,西南风,微风,62%
通州,更新于：2018-08-30 15:20发布,25.2℃,0mm,西南风,微风,71%
顺义,更新于：2018-08-30 15:20发布,26.1℃,0mm,西南风,微风,59%
平谷,更新于：2018-08-30 15:20发布,25.7℃,0mm,西北风,微风,65%
密云,更新于：2018-08-30 15:20发布,25℃,0mm,西南风,微风,78%
门头沟,更新于：2018-08-30 15:20发布,25℃,0mm,西南风,微风,57%
怀柔,更新于：2018-08-30 15:20发布,26.5℃,0mm,西南风,微风,66%
房山,更新于：2018-08-30 15:20发布,25.7℃,0mm,西南风,微风,59%
大兴,更新于：2018-08-30 15:20发布,26.1℃,0mm,东南风,微风,56%
昌平,更新于：2018-08-30 15:20发布,25.7℃,0mm,西南风,微风,53%
石景山,更新于：2018-08-30 15:20发布,25.3℃,0mm,西南风,微风,56%
海淀,更新于：2018-08-30 15:20发布,25.1℃,0mm,西南风,微风,62%
丰台,更新于：2018-08-30 15:20发布,26.1℃,0mm,西南风,微风,56%
朝阳,更新于：2018-08-30 15:20发布,26℃,0mm,西南风,微风,57%
北京,更新于：2018-08-30 16:20发布,26.1℃,0mm,西南风,微风,53%
延庆,更新于：2018-08-30 16:20发布,24℃,0mm,南风,微风,58%
通州,更新于：2018-08-30 16:20发布,25.8℃,0mm,西北风,微风,65%
顺义,更新于：2018-08-30 16:20发布,26.3℃,0mm,西北风,微风,59%
平谷,更新于：2018-08-30 16:20发布,26℃,0mm,西北风,微风,62%
密云,更新于：2018-08-30 16:20发布,26.1℃,0mm,西南风,微风,68%
门头沟,更新于：2018-08-30 16:20发布,25.2℃,0mm,西南风,微风,58%
怀柔,更新于：2018-08-30 16:20发布,26.6℃,0mm,西南风,微风,62%
房山,更新于：2018-08-30 16:20发布,26℃,0mm,西南风,微风,59%
大兴,更新于：2018-08-30 16:20发布,26.2℃,0mm,西南风,微风,53%
昌平,更新于：2018-08-30 16:20发布,25.8℃,0mm,东北风,微风,55%
石景山,更新于：2018-08-30 16:20发布,25.6℃,0mm,西南风,微风,56%
海淀,更新于：2018-08-30 16:20发布,24.8℃,0mm,西南风,微风,64%
丰台,更新于：2018-08-30 16:20发布,26.4℃,0mm,西南风,微风,57%
朝阳,更新于：2018-08-30 16:20发布,26.1℃,0mm,西南风,微风,53%
北京,更新于：2018-08-30 17:20发布,26℃,0mm,西南风,微风,58%
延庆,更新于：2018-08-30 17:20发布,24℃,0mm,西南风,微风,59%
通州,更新于：2018-08-30 17:20发布,25.4℃,0mm,西北风,微风,66%
顺义,更新于：2018-08-30 17:20发布,26.8℃,0mm,西南风,微风,54%
平谷,更新于：2018-08-30 17:20发布,25.7℃,0mm,西北风,微风,65%
密云,更新于：2018-08-30 17:20发布,26℃,0mm,西北风,微风,71%
门头沟,更新于：2018-08-30 17:20发布,25.2℃,0mm,西南风,微风,61%
怀柔,更新于：2018-08-30 17:20发布,26.3℃,0mm,西南风,微风,59%
房山,更新于：2018-08-30 17:20发布,25.1℃,0mm,西南风,微风,68%
大兴,更新于：2018-08-30 17:20发布,26.1℃,0mm,西南风,微风,54%
昌平,更新于：2018-08-30 17:20发布,26℃,0mm,西北风,微风,55%
石景山,更新于：2018-08-30 17:20发布,25.5℃,0mm,西南风,微风,56%
海淀,更新于：2018-08-30 17:20发布,24.9℃,0mm,西南风,微风,65%
丰台,更新于：2018-08-30 17:20发布,27.3℃,0mm,西风,微风,55%
朝阳,更新于：2018-08-30 17:20发布,26.1℃,0mm,西南风,微风,54%
北京,更新于：2018-08-30 18:20发布,25.5℃,0mm,西南风,微风,58%
延庆,更新于：2018-08-30 18:20发布,23.5℃,0mm,西北风,微风,63%
通州,更新于：2018-08-30 18:20发布,24.3℃,0mm,东南风,微风,82%
顺义,更新于：2018-08-30 18:20发布,26℃,0mm,西南风,微风,55%
平谷,更新于：2018-08-30 18:20发布,25.4℃,0mm,西南风,微风,69%
密云,更新于：2018-08-30 18:20发布,24.6℃,0mm,西南风,微风,74%
门头沟,更新于：2018-08-30 18:20发布,24.7℃,0mm,西南风,微风,65%
怀柔,更新于：2018-08-30 18:20发布,25℃,0mm,西南风,微风,62%
房山,更新于：2018-08-30 18:20发布,24.8℃,0mm,西南风,微风,72%
大兴,更新于：2018-08-30 18:20发布,24.6℃,0mm,西南风,微风,63%
昌平,更新于：2018-08-30 18:20发布,25.4℃,0mm,西南风,微风,54%
石景山,更新于：2018-08-30 18:20发布,24.8℃,0mm,西南风,微风,64%
海淀,更新于：2018-08-30 18:20发布,24℃,0mm,西南风,微风,71%
丰台,更新于：2018-08-30 18:20发布,25.5℃,0mm,西南风,微风,61%
朝阳,更新于：2018-08-30 18:20发布,26.1℃,0mm,西南风,微风,55%
北京,更新于：2018-08-30 19:20发布,23.8℃,0mm,西南风,微风,66%
延庆,更新于：2018-08-30 19:20发布,21.9℃,0mm,-,-,71%
通州,更新于：2018-08-30 19:20发布,22℃,0mm,东南风,微风,94%
顺义,更新于：2018-08-30 19:20发布,23.2℃,0mm,东北风,微风,72%
平谷,更新于：2018-08-30 19:20发布,22.4℃,0mm,东北风,微风,87%
密云,更新于：2018-08-30 19:20发布,22.4℃,0mm,东南风,微风,89%
门头沟,更新于：2018-08-30 19:20发布,23.3℃,0mm,西南风,微风,75%
怀柔,更新于：2018-08-30 19:20发布,22.2℃,0mm,西北风,微风,85%
房山,更新于：2018-08-30 19:20发布,21.9℃,0mm,-,-,89%
大兴,更新于：2018-08-30 19:20发布,22.1℃,0mm,-,-,77%
昌平,更新于：2018-08-30 19:20发布,23.1℃,0mm,西北风,微风,72%
石景山,更新于：2018-08-30 19:20发布,22.3℃,0mm,东北风,微风,79%
海淀,更新于：2018-08-30 19:20发布,21.6℃,0mm,-,-,84%
丰台,更新于：2018-08-30 19:20发布,22.4℃,0mm,-,-,80%
朝阳,更新于：2018-08-30 19:20发布,23.4℃,0mm,东南风,微风,72%
北京,更新于：2018-08-30 20:20发布,23.3℃,0mm,东南风,微风,71%
延庆,更新于：2018-08-30 20:20发布,20℃,0mm,东南风,微风,80%
通州,更新于：2018-08-30 20:20发布,20.7℃,0mm,东南风,微风,97%
顺义,更新于：2018-08-30 20:20发布,21.9℃,0mm,西南风,微风,78%
平谷,更新于：2018-08-30 20:20发布,21.1℃,0mm,东南风,微风,90%
密云,更新于：2018-08-30 20:20发布,20.6℃,0mm,东北风,微风,98%
门头沟,更新于：2018-08-30 20:20发布,21.7℃,0mm,西北风,微风,80%
怀柔,更新于：2018-08-30 20:20发布,20.5℃,0mm,西北风,微风,85%
房山,更新于：2018-08-30 20:20发布,20.5℃,0mm,西南风,微风,95%
大兴,更新于：2018-08-30 20:20发布,20.4℃,0mm,西南风,微风,88%
昌平,更新于：2018-08-30 20:20发布,21.3℃,0mm,西北风,微风,82%
石景山,更新于：2018-08-30 20:20发布,21.5℃,0mm,西北风,微风,84%
海淀,更新于：2018-08-30 20:20发布,20.5℃,0mm,东南风,微风,92%
丰台,更新于：2018-08-30 20:20发布,21.6℃,0mm,西南风,微风,85%
朝阳,更新于：2018-08-30 20:20发布,21.7℃,0mm,西南风,微风,82%
北京,更新于：2018-08-30 21:20发布,22.1℃,0mm,西南风,微风,77%
延庆,更新于：2018-08-30 21:20发布,19.3℃,0mm,东南风,微风,85%
通州,更新于：2018-08-30 21:20发布,20℃,0mm,-,-,98%
顺义,更新于：2018-08-30 21:20发布,21.2℃,0mm,-,-,87%
平谷,更新于：2018-08-30 21:20发布,20.3℃,0mm,东北风,微风,93%
密云,更新于：2018-08-30 21:20发布,19.8℃,0mm,-,-,100%
门头沟,更新于：2018-08-30 21:20发布,20.8℃,0mm,西北风,微风,87%
怀柔,更新于：2018-08-30 21:20发布,19.7℃,0mm,西北风,微风,89%
房山,更新于：2018-08-30 21:20发布,20.2℃,0mm,西南风,微风,96%
大兴,更新于：2018-08-30 21:20发布,20.7℃,0mm,西南风,微风,86%
昌平,更新于：2018-08-30 21:20发布,20.8℃,0mm,西北风,微风,83%
石景山,更新于：2018-08-30 21:20发布,20.6℃,0mm,西北风,微风,88%
海淀,更新于：2018-08-30 21:20发布,20℃,0mm,东南风,微风,95%
丰台,更新于：2018-08-30 21:20发布,21.5℃,0mm,西南风,微风,88%
朝阳,更新于：2018-08-30 21:20发布,21.3℃,0mm,-,-,86%
海淀,更新于：2018-08-30 22:20发布,19.7℃,0mm,-,-,97%
丰台,更新于：2018-08-30 22:20发布,20.9℃,0mm,西北风,微风,90%
朝阳,更新于：2018-08-30 22:20发布,21.3℃,0mm,-,-,87%
北京,更新于：2018-08-30 22:20发布,21.8℃,0mm,西南风,微风,78%
延庆,更新于：2018-08-30 22:20发布,18.7℃,0mm,东北风,微风,84%
通州,更新于：2018-08-30 22:20发布,19.5℃,0mm,-,-,99%
顺义,更新于：2018-08-30 22:20发布,21℃,0mm,东北风,微风,86%
平谷,更新于：2018-08-30 22:20发布,19.6℃,0mm,东南风,微风,95%
密云,更新于：2018-08-30 22:20发布,19.2℃,0mm,东北风,微风,100%
门头沟,更新于：2018-08-30 22:20发布,20.5℃,0mm,西北风,微风,89%
怀柔,更新于：2018-08-30 22:20发布,18.9℃,0mm,东北风,微风,92%
房山,更新于：2018-08-30 22:20发布,20.1℃,0mm,西南风,微风,96%
大兴,更新于：2018-08-30 22:20发布,19.4℃,0mm,西南风,微风,92%
昌平,更新于：2018-08-30 22:20发布,20.3℃,0mm,东北风,微风,84%
石景山,更新于：2018-08-30 22:20发布,20℃,0mm,西北风,微风,91%
北京,更新于：2018-08-30 23:20发布,21℃,0mm,西南风,微风,83%
延庆,更新于：2018-08-30 23:20发布,18.1℃,0mm,东北风,微风,89%
通州,更新于：2018-08-30 23:20发布,19.1℃,0mm,西北风,微风,99%
顺义,更新于：2018-08-30 23:20发布,20.7℃,0mm,东北风,微风,85%
平谷,更新于：2018-08-30 23:20发布,19.1℃,0mm,东北风,微风,96%
密云,更新于：2018-08-30 23:20发布,19.1℃,0mm,东北风,微风,100%
门头沟,更新于：2018-08-30 23:20发布,20℃,0mm,西北风,微风,91%
怀柔,更新于：2018-08-30 23:20发布,18.6℃,0mm,西北风,微风,94%
房山,更新于：2018-08-30 23:20发布,19.8℃,0mm,西南风,微风,96%
大兴,更新于：2018-08-30 23:20发布,19.2℃,0mm,西南风,微风,94%
昌平,更新于：2018-08-30 23:20发布,20.1℃,0mm,西南风,微风,82%
石景山,更新于：2018-08-30 23:20发布,19.7℃,0mm,东北风,微风,93%
海淀,更新于：2018-08-30 23:20发布,19.5℃,0mm,-,-,98%
丰台,更新于：2018-08-30 23:20发布,20.4℃,0mm,西南风,微风,93%
朝阳,更新于：2018-08-30 23:20发布,20.5℃,0mm,东北风,微风,90%
北京,更新于：2018-08-31 00:20发布,20.3℃,0mm,西北风,微风,88%
延庆,更新于：2018-08-31 00:20发布,17.5℃,0mm,东北风,微风,90%
通州,更新于：2018-08-31 00:20发布,18.8℃,0mm,-,-,99%
顺义,更新于：2018-08-31 00:20发布,20.3℃,0mm,东北风,微风,87%
平谷,更新于：2018-08-31 00:20发布,18.6℃,0mm,-,-,97%
密云,更新于：2018-08-31 00:20发布,18.9℃,0mm,东北风,微风,100%
门头沟,更新于：2018-08-31 00:20发布,19.8℃,0mm,西北风,微风,90%
怀柔,更新于：2018-08-31 00:20发布,18.3℃,0mm,东南风,微风,96%
房山,更新于：2018-08-31 00:20发布,19.3℃,0mm,东北风,微风,97%
大兴,更新于：2018-08-31 00:20发布,19.2℃,0mm,西北风,微风,95%
昌平,更新于：2018-08-31 00:20发布,19.6℃,0mm,西北风,微风,84%
石景山,更新于：2018-08-31 00:20发布,19.4℃,0mm,西北风,微风,94%
海淀,更新于：2018-08-31 00:20发布,19.7℃,0mm,-,-,97%
丰台,更新于：2018-08-31 00:20发布,20.1℃,0mm,-,-,95%
朝阳,更新于：2018-08-31 00:20发布,20.3℃,0mm,东北风,微风,91%
北京,更新于：2018-08-31 01:20发布,20.2℃,0mm,东北风,微风,89%
延庆,更新于：2018-08-31 01:20发布,17℃,0mm,东北风,微风,91%
通州,更新于：2018-08-31 01:20发布,18.5℃,0mm,西南风,微风,99%
顺义,更新于：2018-08-31 01:20发布,20℃,0mm,东北风,微风,90%
平谷,更新于：2018-08-31 01:20发布,18.3℃,0mm,东北风,微风,97%
密云,更新于：2018-08-31 01:20发布,18.5℃,0mm,东南风,微风,100%
门头沟,更新于：2018-08-31 01:20发布,19.6℃,0mm,西北风,微风,89%
怀柔,更新于：2018-08-31 01:20发布,18.3℃,0mm,西北风,微风,96%
房山,更新于：2018-08-31 01:20发布,18.9℃,0mm,西北风,微风,98%
大兴,更新于：2018-08-31 01:20发布,18.9℃,0mm,西北风,微风,95%
昌平,更新于：2018-08-31 01:20发布,19.2℃,0mm,东北风,微风,87%
石景山,更新于：2018-08-31 01:20发布,19.1℃,0mm,东北风,微风,94%
海淀,更新于：发布, , , ,-, 
丰台,更新于：2018-08-31 01:20发布,20℃,0mm,西南风,微风,95%
朝阳,更新于：2018-08-31 01:20发布,20.3℃,0mm,东北风,微风,86%
北京,更新于：2018-08-31 02:20发布,19.7℃,0mm,西南风,微风,91%
延庆,更新于：2018-08-31 02:20发布,16.5℃,0mm,东北风,微风,92%
通州,更新于：2018-08-31 02:20发布,18.3℃,0mm,西南风,微风,99%
顺义,更新于：2018-08-31 02:20发布,19.7℃,0mm,东北风,微风,89%
平谷,更新于：2018-08-31 02:20发布,17.9℃,0mm,东北风,微风,97%
密云,更新于：2018-08-31 02:20发布,17.7℃,0mm,-,-,100%
门头沟,更新于：2018-08-31 02:20发布,19.6℃,0mm,西北风,微风,89%
怀柔,更新于：2018-08-31 02:20发布,17.8℃,0mm,西北风,微风,96%
房山,更新于：2018-08-31 02:20发布,18.9℃,0mm,西北风,微风,98%
大兴,更新于：2018-08-31 02:20发布,18.9℃,0mm,西南风,微风,96%
昌平,更新于：2018-08-31 02:20发布,18.9℃,0mm,东北风,微风,87%
石景山,更新于：2018-08-31 02:20发布,18.8℃,0mm,-,-,95%
海淀,更新于：2018-08-31 02:20发布,19.3℃,0mm,-,-,98%
丰台,更新于：2018-08-31 02:20发布,19.8℃,0mm,西北风,微风,96%
朝阳,更新于：2018-08-31 02:20发布,19.5℃,0mm,-,-,91%
北京,更新于：2018-08-31 03:20发布,19.8℃,0mm,西南风,微风,90%
延庆,更新于：2018-08-31 03:20发布,16.6℃,0mm,西南风,微风,93%
通州,更新于：2018-08-31 03:20发布,19℃,0mm,西南风,微风,99%
顺义,更新于：2018-08-31 03:20发布,19.4℃,0mm,西北风,微风,90%
平谷,更新于：2018-08-31 03:20发布,17.5℃,0mm,-,-,98%
密云,更新于：2018-08-31 03:20发布,17.9℃,0mm,东北风,微风,100%
门头沟,更新于：2018-08-31 03:20发布,19.2℃,0mm,西北风,微风,90%
怀柔,更新于：2018-08-31 03:20发布,17.4℃,0mm,东北风,微风,97%
房山,更新于：2018-08-31 03:20发布,18.7℃,0mm,西北风,微风,98%
大兴,更新于：2018-08-31 03:20发布,19.2℃,0mm,西北风,微风,95%
昌平,更新于：2018-08-31 03:20发布,18.5℃,0mm,西北风,微风,88%
石景山,更新于：2018-08-31 03:20发布,18.5℃,0mm,东北风,微风,95%
海淀,更新于：2018-08-31 03:20发布,18.8℃,0mm,-,-,99%
丰台,更新于：2018-08-31 03:20发布,19.6℃,0mm,西南风,微风,95%
朝阳,更新于：2018-08-31 03:20发布,19.2℃,0mm,-,-,94%
北京,更新于：2018-08-31 04:20发布,19.5℃,0mm,西南风,微风,92%
延庆,更新于：2018-08-31 04:20发布,16.5℃,0mm,-,-,93%
通州,更新于：2018-08-31 04:20发布,18.3℃,0mm,西北风,微风,99%
顺义,更新于：2018-08-31 04:20发布,18.9℃,0mm,西北风,微风,91%
平谷,更新于：2018-08-31 04:20发布,17.1℃,0mm,-,-,98%
密云,更新于：2018-08-31 04:20发布,18.1℃,0mm,东北风,微风,100%
门头沟,更新于：2018-08-31 04:20发布,19℃,0mm,西北风,微风,90%
怀柔,更新于：2018-08-31 04:20发布,17.2℃,0mm,西北风,微风,97%
房山,更新于：2018-08-31 04:20发布,18.2℃,0mm,西北风,微风,98%
大兴,更新于：2018-08-31 04:20发布,18.8℃,0mm,-,-,96%
昌平,更新于：2018-08-31 04:20发布,18.3℃,0mm,西北风,微风,88%
石景山,更新于：2018-08-31 04:20发布,18.4℃,0mm,东北风,微风,95%
海淀,更新于：2018-08-31 04:20发布,18.6℃,0mm,-,-,99%
丰台,更新于：2018-08-31 04:20发布,19.2℃,0mm,西南风,微风,96%
朝阳,更新于：2018-08-31 04:20发布,19.2℃,0mm,-,-,94%
北京,更新于：2018-08-31 05:20发布,19.7℃,0mm,东北风,微风,93%
延庆,更新于：2018-08-31 05:20发布,16.1℃,0mm,东南风,微风,92%
通州,更新于：2018-08-31 05:20发布,18.6℃,0mm,西北风,微风,99%
顺义,更新于：2018-08-31 05:20发布,18.6℃,0mm,-,-,91%
平谷,更新于：2018-08-31 05:20发布,17℃,0mm,-,-,98%
密云,更新于：2018-08-31 05:20发布,17.8℃,0mm,-,-,100%
门头沟,更新于：2018-08-31 05:20发布,18.8℃,0mm,西北风,微风,90%
怀柔,更新于：2018-08-31 05:20发布,17.3℃,0mm,东南风,微风,96%
房山,更新于：2018-08-31 05:20发布,18.4℃,0mm,东北风,微风,98%
大兴,更新于：2018-08-31 05:20发布,18.6℃,0mm,-,-,97%
昌平,更新于：2018-08-31 05:20发布,18.3℃,0mm,西北风,微风,89%
石景山,更新于：2018-08-31 05:20发布,18.5℃,0mm,东北风,微风,96%
海淀,更新于：2018-08-31 05:20发布,18.8℃,0mm,东北风,微风,99%
丰台,更新于：2018-08-31 05:20发布,19.3℃,0mm,-,-,96%
朝阳,更新于：2018-08-31 05:20发布,19.9℃,0mm,东北风,微风,89%
北京,更新于：2018-08-31 06:20发布,20.3℃,0mm,东北风,微风,88%
延庆,更新于：2018-08-31 06:20发布,16℃,0mm,东北风,微风,93%
通州,更新于：2018-08-31 06:20发布,18.8℃,0mm,西北风,微风,99%
顺义,更新于：2018-08-31 06:20发布,18.9℃,0mm,东北风,微风,89%
平谷,更新于：2018-08-31 06:20发布,17.5℃,0mm,东北风,微风,98%
密云,更新于：2018-08-31 06:20发布,17.9℃,0mm,东北风,微风,100%
门头沟,更新于：2018-08-31 06:20发布,19.4℃,0mm,西北风,微风,86%
怀柔,更新于：2018-08-31 06:20发布,17.6℃,0mm,东北风,微风,97%
房山,更新于：2018-08-31 06:20发布,18.9℃,0mm,西北风,微风,98%
大兴,更新于：2018-08-31 06:20发布,19.2℃,0mm,西北风,微风,97%
昌平,更新于：2018-08-31 06:20发布,18.4℃,0mm,西北风,微风,89%
石景山,更新于：2018-08-31 06:20发布,19.1℃,0mm,西南风,微风,96%
海淀,更新于：2018-08-31 06:20发布,19.2℃,0mm,东北风,微风,99%
丰台,更新于：2018-08-31 06:20发布,20℃,0mm,西北风,微风,96%
朝阳,更新于：2018-08-31 06:20发布,19.6℃,0mm,东北风,微风,92%
北京,更新于：2018-08-31 07:20发布,22.5℃,0mm,东北风,微风,76%
延庆,更新于：2018-08-31 07:20发布,17.4℃,0mm,西南风,微风,88%
通州,更新于：2018-08-31 07:20发布,20.6℃,0mm,西北风,微风,95%
顺义,更新于：2018-08-31 07:20发布,21.2℃,0mm,东北风,微风,80%
平谷,更新于：2018-08-31 07:20发布,19.5℃,0mm,东北风,微风,92%
密云,更新于：2018-08-31 07:20发布,19.9℃,0mm,东南风,微风,99%
门头沟,更新于：2018-08-31 07:20发布,20.9℃,0mm,西北风,微风,80%
怀柔,更新于：2018-08-31 07:20发布,20.3℃,0mm,东北风,微风,87%
房山,更新于：2018-08-31 07:20发布,20.7℃,0mm,西北风,微风,97%
大兴,更新于：2018-08-31 07:20发布,21.5℃,0mm,西北风,微风,88%
昌平,更新于：2018-08-31 07:20发布,20.5℃,0mm,西北风,微风,83%
石景山,更新于：2018-08-31 07:20发布,20.9℃,0mm,东南风,微风,87%
海淀,更新于：2018-08-31 07:20发布,20℃,0mm,东北风,微风,97%
丰台,更新于：2018-08-31 07:20发布,22.4℃,0mm,西北风,微风,79%
朝阳,更新于：2018-08-31 07:20发布,22℃,0mm,东北风,微风,81%
北京,更新于：2018-08-31 08:20发布,23.7℃,0mm,东北风,微风,68%
延庆,更新于：2018-08-31 08:20发布,19.3℃,0mm,西北风,微风,81%
通州,更新于：2018-08-31 08:20发布,22.6℃,0mm,西北风,微风,84%
顺义,更新于：2018-08-31 08:20发布,22.6℃,0mm,西北风,微风,76%
平谷,更新于：2018-08-31 08:20发布,22.2℃,0mm,东南风,微风,78%
密云,更新于：2018-08-31 08:20发布,22.2℃,0mm,东北风,微风,87%
门头沟,更新于：2018-08-31 08:20发布,22.8℃,0mm,西北风,微风,71%
怀柔,更新于：2018-08-31 08:20发布,22.7℃,0mm,东北风,微风,76%
房山,更新于：2018-08-31 08:20发布,23.1℃,0mm,东北风,微风,77%
大兴,更新于：2018-08-31 08:20发布,24.6℃,0mm,东北风,微风,71%
昌平,更新于：2018-08-31 08:20发布,22.5℃,0mm,西北风,微风,77%
石景山,更新于：2018-08-31 08:20发布,23.7℃,0mm,东北风,微风,70%
海淀,更新于：2018-08-31 08:20发布,22.2℃,0mm,东北风,微风,90%
丰台,更新于：2018-08-31 08:20发布,24.3℃,0mm,西南风,微风,70%
朝阳,更新于：2018-08-31 08:20发布,22.8℃,0mm,东北风,微风,77%
北京,更新于：2018-08-31 09:20发布,25.5℃,0mm,东北风,微风,61%
延庆,更新于：2018-08-31 09:20发布,22.3℃,0mm,东北风,微风,72%
通州,更新于：2018-08-31 09:20发布,24.5℃,0mm,西北风,微风,75%
顺义,更新于：2018-08-31 09:20发布,24.7℃,0mm,东北风,微风,71%
平谷,更新于：2018-08-31 09:20发布,24.5℃,0mm,西北风,微风,68%
密云,更新于：2018-08-31 09:20发布,24.5℃,0mm,东北风,微风,77%
门头沟,更新于：2018-08-31 09:20发布,25℃,0mm,西北风,微风,63%
怀柔,更新于：2018-08-31 09:20发布,24.3℃,0mm,东北风,微风,74%
房山,更新于：2018-08-31 09:20发布,25.1℃,0mm,西北风,微风,66%
大兴,更新于：2018-08-31 09:20发布,25.8℃,0mm,东北风,微风,64%
昌平,更新于：2018-08-31 09:20发布,25℃,0mm,西南风,微风,63%
石景山,更新于：2018-08-31 09:20发布,25.9℃,0mm,东南风,微风,61%
海淀,更新于：2018-08-31 09:20发布,25.3℃,0mm,东北风,微风,66%
丰台,更新于：2018-08-31 09:20发布,26.2℃,0mm,东北风,微风,61%
朝阳,更新于：2018-08-31 09:20发布,25.9℃,0mm,西北风,微风,63%
北京,更新于：2018-08-31 11:20发布,28.1℃,0mm,东北风,微风,52%
延庆,更新于：2018-08-31 11:20发布,25.8℃,0mm,东北风,微风,63%
通州,更新于：2018-08-31 11:20发布,27.4℃,0mm,东北风,微风,62%
顺义,更新于：2018-08-31 11:20发布,28.4℃,0mm,东北风,微风,54%
平谷,更新于：2018-08-31 11:20发布,28.4℃,0mm,西北风,微风,53%
密云,更新于：2018-08-31 11:20发布,27.9℃,0mm,东北风,微风,62%
门头沟,更新于：2018-08-31 11:20发布,28.4℃,0mm,东北风,微风,52%
怀柔,更新于：2018-08-31 11:20发布,28.5℃,0mm,东北风,微风,53%
房山,更新于：2018-08-31 11:20发布,28.2℃,0mm,东北风,微风,53%
大兴,更新于：2018-08-31 11:20发布,28.5℃,0mm,东南风,微风,50%
昌平,更新于：2018-08-31 11:20发布,28.3℃,0mm,西南风,微风,52%
石景山,更新于：2018-08-31 11:20发布,28.1℃,0mm,东北风,微风,52%
海淀,更新于：2018-08-31 11:20发布,28.8℃,0mm,东北风,微风,50%
丰台,更新于：2018-08-31 11:20发布,29℃,0mm,东北风,微风,50%
朝阳,更新于：2018-08-31 11:20发布,27.5℃,0mm,东北风,微风,57%
北京,更新于：2018-08-31 12:20发布,28.7℃,0mm,西北风,微风,49%
延庆,更新于：2018-08-31 12:20发布,27.2℃,0mm,西北风,微风,58%
通州,更新于：2018-08-31 12:20发布,29℃,0mm,东北风,微风,55%
顺义,更新于：2018-08-31 12:20发布,29.5℃,0mm,东南风,微风,48%
平谷,更新于：2018-08-31 12:20发布,29.7℃,0mm,西南风,微风,46%
密云,更新于：2018-08-31 12:20发布,29.1℃,0mm,东南风,微风,55%
门头沟,更新于：2018-08-31 12:20发布,29.4℃,0mm,东南风,微风,44%
怀柔,更新于：2018-08-31 12:20发布,29.7℃,0mm,东南风,微风,48%
房山,更新于：2018-08-31 12:20发布,29℃,0mm,西北风,微风,51%
大兴,更新于：2018-08-31 12:20发布,28.9℃,0mm,西北风,微风,48%
昌平,更新于：2018-08-31 12:20发布,29℃,0mm,西南风,微风,48%
石景山,更新于：2018-08-31 12:20发布,29.1℃,0mm,东北风,微风,48%
海淀,更新于：2018-08-31 12:20发布,30℃,0mm,东北风,微风,48%
丰台,更新于：2018-08-31 12:20发布,30.4℃,0mm,东南风,微风,48%
朝阳,更新于：2018-08-31 12:20发布,29.2℃,0mm,东南风,微风,52%
北京,更新于：2018-08-31 13:20发布,29.7℃,0mm,东北风,微风,46%
延庆,更新于：2018-08-31 13:20发布,26.6℃,0mm,东南风,微风,47%
通州,更新于：2018-08-31 13:20发布,29.3℃,0mm,东北风,微风,51%
顺义,更新于：2018-08-31 13:20发布,30℃,0mm,东南风,微风,44%
平谷,更新于：2018-08-31 13:20发布,30.7℃,0mm,东南风,微风,36%
密云,更新于：2018-08-31 13:20发布,30.1℃,0mm,西南风,微风,49%
门头沟,更新于：2018-08-31 13:20发布,30.4℃,0mm,东南风,微风,41%
怀柔,更新于：2018-08-31 13:20发布,30.2℃,0mm,东北风,微风,48%
房山,更新于：2018-08-31 13:20发布,30℃,0mm,西北风,微风,45%
大兴,更新于：2018-08-31 13:20发布,30.2℃,0mm,东南风,微风,44%
昌平,更新于：2018-08-31 13:20发布,29.9℃,0mm,东南风,微风,46%
石景山,更新于：2018-08-31 13:20发布,30.4℃,0mm,西南风,微风,46%
海淀,更新于：2018-08-31 13:20发布,31.1℃,0mm,东南风,微风,44%
丰台,更新于：2018-08-31 13:20发布,31.5℃,0mm,西南风,微风,43%
朝阳,更新于：2018-08-31 13:20发布,30℃,0mm,西南风,微风,48%
北京,更新于：2018-08-31 14:20发布,30.5℃,0mm,东南风,微风,42%
延庆,更新于：2018-08-31 14:20发布,27.5℃,0mm,西南风,微风,48%
通州,更新于：2018-08-31 14:20发布,29.7℃,0mm,东南风,微风,47%
顺义,更新于：2018-08-31 14:20发布,30.2℃,0mm,东南风,微风,45%
平谷,更新于：2018-08-31 14:20发布,31.3℃,0mm,东南风,微风,33%
密云,更新于：2018-08-31 14:20发布,30.1℃,0mm,西南风,微风,43%
门头沟,更新于：2018-08-31 14:20发布,31.1℃,0mm,东北风,微风,39%
怀柔,更新于：2018-08-31 14:20发布,29.8℃,0mm,西南风,微风,50%
房山,更新于：2018-08-31 14:20发布,30.7℃,0mm,西南风,微风,45%
大兴,更新于：2018-08-31 14:20发布,30.4℃,0mm,东南风,微风,46%
昌平,更新于：2018-08-31 14:20发布,30.2℃,0mm,东南风,微风,43%
石景山,更新于：2018-08-31 14:20发布,30.8℃,0mm,东北风,微风,42%
海淀,更新于：2018-08-31 14:20发布,31.2℃,0mm,西南风,微风,42%
丰台,更新于：2018-08-31 14:20发布,31.8℃,0mm,东北风,微风,36%
朝阳,更新于：2018-08-31 14:20发布,30.2℃,0mm,东北风,微风,47%
